skill,group,synonym,skill source,
.net,se,,,
3d,se,,,
3d algorithms,se,3d,,
3d modeling,se,3d,coursera skill,
a/b testing,data science,ab testing,coursera skill,
ab testing,domain,,,
ability collaborating,soft skills,collaborating,,
ability communications,soft skills,communications,,
ability coordinate,soft skills,,,
ability plan,soft skills,planning,,
ability prioritize,soft skills,planning,,
ability understanding,soft skills,understanding,,
able analyzed,soft skills,analyze data,,
able explain,soft skills,communication,,
able supportable,soft skills,supporting,,
able tell,soft skills,communications,,
accept challenges,soft skills,problem solving,,
accuracy and precision,data science,,coursera skill,
activation function,data science,,coursera skill,
adls,se,,,
administration,databases,,,
administration skilled,databases,administration,,
adversary model,data science,,coursera skill,
advertising,domain,,coursera skill,
adwords,domain,,,
aggregate data,data science,data preprocessing,coursera skill,remove
agile,management,,,
airflow,management,workflow management,,
algebra,math,,,
algebraic operation,math,algebra,coursera skill,remove
algorithm,se,algorithms,,
algorithmic trading,domain,,coursera skill,
algorithmics,se,algorithms,coursera skill,
algorithms,se,,"dou, coursera skill",
alternative hypothesis,data analysis,,coursera skill,remove
amazon,cloud,aws,,
amazon redshift,cloud,aws,,
amazon web services,cloud,aws,"dou, coursera skill",
analysis,data analysis,analyze data,coursera skill,
analysis experience,data science,analyze data,,
analysis market,data science,analyze data,,
analysis of variance,data science,analyze data,coursera skill,
analytics,data science,analyze data,"dou, coursera skill",
analytics mindset,soft skills,able analyzed,,
analyze data,data science,,,
android,se,,,
android jetpack,se,android,,
angular,se,,,
anomaly detect,data science,anomaly detection,,
anomaly detection,data science,,"dou, coursera skill",
ansible,se,,,
apache,se,,"dou, coursera skill",
apache airflow,data science,airflow,,
apache beam,se,apache,coursera skill,
apache flink,se,apache,,
apache hadoop,big data,hadoop,coursera skill,
apache hive,big data,hive,coursera skill,
apache kafka,se,kafka,,
apache spark,se,spark,"dou, coursera skill",
apex,,,,
api,se,,,
app architectural,se,architecting,,
application domain,data science,,coursera skill,
application programming interfaces,se,,coursera skill,
applications of computer vision,cv,computer vision,coursera skill,
applied data mining,data science,data mining,coursera skill,remove
applied machine learning,data science,machine learning,coursera skill,remove
applied mathematical,data science,math,,remove
applied statistics,data science,statistics,"dou, coursera skill",remove
arcgis,domain,,coursera skill,
architecting,se,,,
architecting building,se,architecting,,
architectural designed,se,architecting,,
architectural experience,se,architecting,,
arcmap,domain,,coursera skill,
artificial general intelligence,data science,artificial intelligence,coursera skill,
artificial intelligence,data science,,,
artificial intelligence in healthcare,domain,artificial intelligence,coursera skill,
artificial neural networks,data science,neural networks,coursera skill,
athena,cloud,,,
atlassian,se,,,
autoencoder,data science,,coursera skill,
automating experience,se,automatization,,
automating tests,qa,qa,,
automating various,se,automatization,,
automation,devops,automatization,,
automatization,se,,,
autoregressive integrated moving average,,autoregressive model,coursera skill,
autoregressive model,data science,,coursera skill,
aws,cloud,,,
azure,cloud,,,
azure ml,cloud,azure,,
b degree,education,bachelor,,
b ms,education,bachelor,,
bachelor,education,bachelor,,
bachelor s,education,bachelor,,
backend,se,,,
background math,data science,math,,
background statistics,data science,statistics,,
backpropagation,data science,,coursera skill,
backup,security,backup,"dou, coursera skill",
backup recovery,security,backup,,
backup restore,security,backup,,
bar chart,math,vizualization,coursera skill,remove
bash,se,,,
bayes,math,,,
bdd,se,,,
beam,se,,,
beanstalk,se,,,
behavioral economics,domain,,coursera skill,
bellman equation,rl,,coursera skill,
bi,data analysis,business intelligence,,
big data,big data,,,
bigquery,big data,,,
bigtable,big data,,coursera skill,
binary search tree,se,,coursera skill,
bioconductor,domain,,coursera skill,
biodiversity,domain,,coursera skill,
bioinformatics,domain,,coursera skill,
biology,domain,,coursera skill,
biopython,domain,,coursera skill,
biostatistics,domain,,coursera skill,
biotechnology,domain,,,
bitbucket,se,,,
blob,se,,,
blob storage,se,blob,,
blockchain,domain,,coursera skill,
boosting,data science,,coursera skill,
bsc,education,,,
building applications,se,,,
building ml,se,machine learning,,
building scalability,se,,,
building supportable,se,supporting,,
buildkite,se,,,
buildkite jenkins,se,buildkite,,
business analysis,data analysis,business analysis,,
business analyst,data analysis,business analysis,,
business analytics,data analysis,,coursera skill,
business case,management,,coursera skill,
business intelligence,data analysis,,,
business presentations,soft skills,presentations,coursera skill,
business process,soft skills,,coursera skill,
business requirements,management,,coursera skill,
business strategies,soft skills,business think,,
business strategy,soft skills,business think,coursera skill,
business think,soft skills,,,
c programming,se,,coursera skill,
c-ross,big data,,coursera skill,
c++,se,,"dou, coursera skill",
cac,domain,,,
caffee,data science,,,
calculus,math,math,"dou, coursera skill",
cancer,domain,,coursera skill,
cartography,domain,,coursera skill,
case-control study,domain,,coursera skill,
cassandra,se,,,
cd,se,ci cd,,
challenges solve,soft skills,,,
chinese language,soft skills,,coursera skill,
choose hyperparameters,data science,,,
ci,se,ci cd,,
ci buildkite,se,ci cd,,
ci cd,se,,,
circle ci,se,ci cd,,
classification,data science,,,
clinical biostatistics,domain,,coursera skill,
clinical data management,domain,,coursera skill,
clinical decision support system,domain,,coursera skill,
clinical research,domain,,coursera skill,
clinical study design,domain,,coursera skill,
clinical trials,domain,,coursera skill,
cloud,se,,"dou, coursera skill",
cloud api,se,cloud,coursera skill,
cloud computing,se,cloud,coursera skill,
cloud foundry,se,cloud,coursera skill,
cloud platforms,se,cloud,coursera skill,
cloud storage,se,cloud,coursera skill,
cloudera,se,,"dou, coursera skill",
cloudformation,se,,,
cloudwatch,se,,,
cluster analysis,data science,clustering,coursera skill,
clustering,data science,,,
cnn,deep learning,,,
coaching,soft skills,,,
code reviews,se,,,
code skilled,se,,,
collaborating,soft skills,,,
collaboration,soft skills,collaborating,coursera skill,
command line interface,se,command-line interface,"dou, coursera skill",
commercial experience,soft skills,,,
communications,soft skills,communication,"dou, coursera skill",
comorbidity,domain,,coursera skill,
competing experience,soft skills,,,
complex algorithms,se,algorithms,,
computational biology,domain,,coursera skill,
computational social science,domain,,coursera skill,
computer graphics,domain,,coursera skill,
computer program,se,,coursera skill,
computer sciences,education,,"dou, coursera skill",
computer simulation,,,coursera skill,
computer vision,cv,,"dou, coursera skill",
computing experience,data science,,,remove
concourse,devops,,,
concurrency,se,,,
confidence interval,data analysis,,coursera skill,
confluence,se,,,
convolutional neural network,deep learning,cnn,coursera skill,
coreml,data science,,,
correlation and dependence,math,statistics,coursera skill,
cosmosdb,databases,,,
critical think,soft skills,,,
crm,se,,,
cross-sectional analysis,data analysis,,coursera skill,
cryptography,security,,,
cs,education,computer sciences,,
css,se,,"dou, coursera skill",
culture,soft skills,,coursera skill,
curiosity,soft skills,,,
curious,soft skills,curiosity,,
curl,se,,,
customer analytics,data analysis,,coursera skill,
customer lifetime value,data analysis,,coursera skill,
customer services,management,customer successful,,
customer successful,soft skills,,,
cv,data science,computer vision,,
cypress,se,,,
cython,se,,,
d3,se,,"dou, coursera skill",
dashboards analytics,data analysis,,,
dask,se,,,
data acquisition,data science,,coursera skill,
data analysis,data analysis,analyze data,"dou, coursera skill",
data analyst,data analysis,analyze data,,
data analytics,data analysis,analyze data,,
data architectural,se,architecting,,
data centers,databases,,coursera skill,
data cloud,se,cloud,,
data cluster,databases,cloud,coursera skill,
data driven,se,,,
data ecosystem,se,,,
data encryption,security,,,
data engineering,se,,,
data exploration,data science,,,
data extraction,data science,,,
data formatting,data science,,,
data infrastructure,se,,,
data integration,se,,"dou, coursera skill",
data lakes,se,data lake,"dou, coursera skill",
data layers,se,,,
data management,data science,,coursera skill,
data manipulation,data science,data preprocessing,"dou, coursera skill",
data masking,data science,,,
data migrations,se,,,
data mining,data science,data science,coursera skill,
data model,data science,data modeling,"dou, coursera skill",
data pipeline,se,,,
data prepared,data science,data preprocessing,,
data preprocessing,data science,,,
data processes,data science,data preprocessing,,
data quality,qa,,coursera skill,
data reporting,management,,coursera skill,
data science,data science,,"dou, coursera skill",
data scientist,data science,data science,,
data scraping,data science,,,
data security,security,,"dou, coursera skill",
data storage,se,,,
data validation,data science,,coursera skill,
data visualization,data science,visualize,"dou, coursera skill",
data warehouse,big data,data warehousing,"dou, coursera skill",
data-informed decision-making,soft skills,,coursera skill,
database,databases,databases,"dou, coursera skill",
databricks,cloud,,,
datacenter,big data,,,
datacenter clustering,big data,,,
dataflow,devops,,coursera skill,
dataops,devops,,,
datasets,data science,,,
datastax,se,,,
db,se,,,
dba,,,sth with business administation? database administration,
dbms,databases,,,
dbscan,data science,,coursera skill,
deadline driven,soft skills,,,
debugging,se,debugging skilled,"dou, coursera skill",
decision forests,data science,,,
decision making,soft skills,,"dou, coursera skill",
decision tree,data science,,coursera skill,
deep learning,deep learning,deep learn,"dou, coursera skill",
demand forecasting,domain,,coursera skill,
deploying,se,,,
desire learn,soft skills,,,
desire work,soft skills,,,
devops,devops,,,
differential geometry,math,,,
dimensionality reduction,data science,,coursera skill,
directly communications,soft skills,,,
distributed applications,se,,,
distributed computing,se,,coursera skill,
distributed statistics,data science,,,
distributed systems,se,,,
django,se,,,
dl,se,,,
dl framework,se,dl,,
dl libraries,se,dl,,
dm,,data management,,
dm methodology,,data management,,
dna,domain,,coursera skill,
dnn framework,se,dnn,,
docker,se,,,
domain knowledge,domain,,,
dr scalability,,dr,,
dry,se,,,
dvc,,,,
dwh,se,,,
dynamic programming,se,,"dou, coursera skill",
dynamodb,se,,,
e-commerce,domain,,coursera skill,
ebs,cloud,aws,,
ec2,cloud,aws,,
ecology,domain,,coursera skill,
econometrics,math,,coursera skill,
economics,math,,"dou, coursera skill",
economics statistics,math,statistics,,
economy,domain,,coursera skill,
ecr,cloud,aws,,
eda,data science,analyze data,,
edi format,se,,,
efficient code,se,,,
efficient scalability,se,,,
eks,cloud,aws,,
eks kubernetes,cloud,aws,,
elastic,cloud,aws,,
elasticsearch,cloud,aws,,
elb,cloud,aws,,
electronic health record,domain,electronic health records,coursera skill,
embeddings,data science,,,
emr,cloud,aws,,
encryption,security,,,
eng,english,english,,
engine background,se,,,
engine databases,se,,,
engine proficiency,se,,,
engine skilled,se,,,
engine tool,se,,,
engine upper,se,,,
engine work,se,,,
english,english,,,
english communications,english,,,
english excellent,english,,,
english financial,english,,,
english fluent,english,fluent english,,
english intermediate,english,,,
english language,english,,coursera skill,
english native,english,fluent english,,
english oral,english,english speaking,,
english speaking,english,,,
english strong,english,,,
english upper,english,,,
english verbal,english,english speaking,,
english written,english,,,
ensemble learning,data science,,coursera skill,
enthusiasm,soft skills,,,
entity relationship model,databases,,coursera skill,
entropy,data science,,coursera skill,
environmental data analysis,domain,analyze data,coursera skill,
epidemiology,domain,,coursera skill,
erwin visio,,erwin,,
es6,se,,,
ethics,soft skills,,coursera skill,
etl,se,,,
excel,data analytics,,,
exploratory data analysis,data analytics,analyze data,coursera skill,
face recognition,cv,,coursera skill,
feature engineering,data science,feature engineering,coursera skill,
feature extraction,data science,feature engineering,coursera skill,
feature scaling,data science,feature engineering,coursera skill,
feature selection,data science,feature engineering,coursera skill,
feedforward neural network,deep learning,,coursera skill,
finance,domain,,coursera skill,
financial accounting,domain,,coursera skill,
financial analysis,domain,,coursera skill,
financial data analysis,domain,analyze data,coursera skill,
financial markets,domain,,coursera skill,
financial modeling,domain,,coursera skill,
financial risk,domain,,coursera skill,
financial risk management,domain,,coursera skill,
flask,se,,"dou, coursera skill",
fluency english,english,fluent english,,
fluent english,english,,,
fmri,domain,,coursera skill,
forecasting,data science,,coursera skill,
fraud detection,data science,,coursera skill,
frontend,se,,,
functional programming,se,,coursera skill,
fuzzy logic,math,,coursera skill,
game theory,math,,coursera skill,
gan,deep learning,,,
gaussian process,math,,coursera skill,
gcp,se,google cloud,,
gcs,se,google cloud,,
gemfire,se,ibm,,
generative models,deep learning,generative model,"dou, coursera skill",
genetics,domain,,coursera skill,
genomics,domain,,coursera skill,
geographic information system,domain,,coursera skill,
geology,domain,,coursera skill,
geometry,math,geometry,,
geometry analysis,math,geometry,,
geophysical data,domain,,coursera skill,
geospatial analysis,domain,,coursera skill,
geospatial data,domain,,,
geovisualization,domain,,coursera skill,
ggplot,data science,ggplot2,"dou, coursera skill",
gis,big data,gis software,"dou, coursera skill",
git,se,vcs,,
github,se,vcs,,
glue,cloud,aws,,
go,se,,,
goal oriented,soft skills,,,
good analytics,data analytics,analyze data,,
good communications,soft skills,communications,,
google adwords,domain,,coursera skill,
google analytics,domain,,"dou, coursera skill",
google bigquery,big data,,,
google cloud,se,,,
google cloud platform,se,google cloud,"dou, coursera skill",
gossip,se,,,
gossip protocol,se,,,
gradient boosting,data science,,coursera skill,
gradient descent,data science,,coursera skill,
gradle,se,,,
graph database,databases,,coursera skill,
graph theory,math,,coursera skill,
graphql,se,,,
hacklang,se,,,
hadoop,big data,,,
haskell,se,,,
hbase,big data,,,
hdfs,big data,,,
hdinsight,cloud,azure,,
health care,domain,,coursera skill,
health informatics,domain,,coursera skill,
heroku,se,,,
hierarchical clustering,data science,,coursera skill,
hive,big data,,"dou, coursera skill",
hpc,se,,,
html,se,,"dou, coursera skill",
http,se,,,
http apis,se,,,
hybrid infrastructure,se,,,
hyperparameter optimization,data science,,coursera skill,
hypothesis test,data analytics,hypothesis testing,"dou, coursera skill",
ibm,se,,,
image processing,cv,,coursera skill,
image segmentation,cv,,coursera skill,
influencing,soft skills,,coursera skill,
information theory,math,,coursera skill,
infrastructure,se,,,
internet of things,se,,coursera skill,
interpretation,soft skills,,coursera skill,
intuition,soft skills,,coursera skill,
io,se,,,
ios,se,,,
iot,se,,,
iphone,se,ios,,
java,se,,,
javascript,se,,"dou, coursera skill",
jdbc,se,,,
jenkins,se,,,
jfrog,se,,,
jira,management,,,
jquery,se,,,
js,se,,,
json,data science,,coursera skill,
julia,se,,coursera skill,
junit,se,,,
jvm,se,,,
k-means clustering,data science,,coursera skill,
kafka,se,,,
kaggle,data science,,coursera skill,
kanban,management,,,
keras,deep learning,,"dou, coursera skill",
kerberos,se,,,
kiss,soft skills,,,
knime,data analytics,,coursera skill,
knitr,data analytics,,coursera skill,
kotlin,se,,middle of list,
kotlin coroutines,se,,,
kubeflow,devops,,,
kubernetes,se,,,
lambda,se,,,
leadership,soft skills,,"dou, coursera skill",
less,se,,,
linear regression,data science,,coursera skill,
linguistics,nlp,,coursera skill,
linux,se,,,
livy,se,,,
livy knowledge,se,livy,,
logging,se,,,
logistic regression,data science,,coursera skill,
long short-term memory,deep learning,lstm,coursera skill,
loves problems,soft skills,,,
loyalty,soft skills,,,
lstm,deep learning,,,
lwc,,,,
machine learn,data science,machine learning,,
machine learning,data science,,"dou, coursera skill",
machine translation,nlp,,coursera skill,
management experience,soft skills,,,
management general,soft skills,management experience,,
management skilled,soft skills,management experience,,
mapreduce,se,,"dou, coursera skill",
marketing,domain,,coursera skill,
markov chain,math,,coursera skill,
markov chain monte carlo,math,,coursera skill,
markov decision process,math,,coursera skill,
markov networks,math,,coursera skill,
master degree,education,,,
math,math,,,
mathematical,math,math,,
mathematics,math,math,"dou, coursera skill",
matlab,data analytics,,"dou, coursera skill",
matplotlib,data science,,"dou, coursera skill",
maven,se,,,
mechanical engineering,domain,,coursera skill,
mechatronics,domain,,coursera skill,
media market,domain,,coursera skill,
medical diagnosis,domain,,coursera skill,
medical genetics,domain,,coursera skill,
medical imaging,domain,,coursera skill,
memsql,se,,,
merkle,,algorithms,,
merkle trees,,algorithms,,
mesos,se,apache,,
mesos similar,se,apache,,
message broker,se,,,
microservices,se,microsoft,,
microsoft,se,,,
microsoft azure,cloud,azure,"dou, coursera skill",
microsoft excel,data analytics,excel,coursera skill,
microsoft offices,se,microsoft,,
missing data,data science,,coursera skill,
ml,data science,machine learning,,
mlflow,data science,,,
mobile,se,,,
model optimization,data science,,coursera skill,
model selection,data science,,coursera skill,
molecular biology,domain,,coursera skill,
monad transformers,se,,,
mongodb,databases,,"dou, coursera skill",
monte carlo,math,,coursera skill,
motivation,soft skills,,,
ms,education,master degree,,
msc,education,master degree,,
msc degree,education,master degree,,
multiclass classification,data science,,coursera skill,
multitask,soft skills,,,
mxnet,devops,,,framework
mysql,databases,,"dou, coursera skill",
n-gram,nlp,,coursera skill,
naive bayes,data science,naive bayes classifier,"dou, coursera skill",
natural language,nlp,nlp,coursera skill,
natural language processing,nlp,nlp,coursera skill,
neo4j,databases,,"dou, coursera skill",
network analysis,data science,,coursera skill,
network theory,math,,coursera skill,
networking,se,,,
networking experience,se,networking,,
networking understanding,se,networking,,
neural,deep learninig,neural networking,,
neural networking,deep learninig,,,
neuroimaging,domain,,coursera skill,
neuroscience,domain,,coursera skill,
next.js,se,,,
nifi,se,apache,,
nifi apache,se,apache,,
nlp,nlp,,,
nltk,nlp,,,
nn,deep learninig,neural networking,,
nodejs,se,node js,,
nontrivial problems,soft skills,,,
nosql,databases,,"dou, coursera skill",
npm,se,node js,,
npm package,se,node js,,
numerical analysis,data analytics,,,
numpy,data science,,"dou, coursera skill",
nunit,,,,
nunitsolid,,nunit,,
object detection,cv,,coursera skill,
object-oriented programming,se,,coursera skill,
objective c,se,,,
ocean iot,se,,,
octave,se,,,
octave r,se,,,
omniture,,,,
onseo,se,,,
ontology,data science,,coursera skill,
vanilla,se,,,
ood,,,,
oop,se,,,
open source,,,"dou, coursera skill",
opencv,cv,,"dou, coursera skill",
optimising,data science,,,
optimising accuracy,data science,optimising,,
optimization experience,se,,,
oracle,se,,"dou, coursera skill",
oral communications,soft skills,,,
orchestration,se,,,
organizational communications,se,communications,,
os,se,,,
outsourcing,se,,,
outstaffing,se,,,
ownership product,management,,,
ownership responsible,management,,,
p-value,math,,coursera skill,
paced deadline,soft skills,,,
pagerank,data science,,coursera skill,
pandas,data science,,"dou, coursera skill",
pandemic,domain,pandemics,coursera skill,
papers,data science,,,
papers ability,data science,papers,,
parallel,se,parallel computing,,
parallel computing,se,,,
part-of-speech tagging,nlp,,coursera skill,
pattern recognition,cv,,coursera skill,
payment,domain,,,
peer review,soft skills,,coursera skill,
peering,soft skills,,coursera skill,
pentaho,,,,
periscope,,,,
pgsql,databases,,,
pgsql linux,databases,pgsql,,
pharmaceutical,domain,,,
pharmaceutical biotechnology,domain,pharmaceutical,,
php,se,,"dou, coursera skill",
phylogenetics,domain,,coursera skill,
physics,domain,,"dou, coursera skill",
pipeline automating,se,automatization,,
pipeline maintain,se,,,
pipeline used,se,,,
pl,databases,,,
pl pgsql,databases,,,
pl sql,databases,,,
planning,soft skills,,coursera skill,
plotly,data science,,"dou, coursera skill",
ply,,,,
portfolio optimization,domain,,coursera skill,
postgres,data science,,,
postgresql,databases,,"dou, coursera skill",
postman,qa,,,
postman tests,qa,postman,,
power bi,data science,PowerBI,,
ppc,domain,,,
predict analytics,data analytics,predictive analytics,,
predict models,data science,predictive modelling,,
predictive modelling,data science,,coursera skill,
prepared data,data science,data preprocessing,,
prepared feature,data science,data preprocessing,,
preprocessing,data science,data preprocessing,,
presentations visualize,visualization,presentations,,
presto,se,apache,,
presto drill,se,apache,,
presto hive,se,apache,,
principal component analysis,data science,,coursera skill,
prioritize,soft skills,,,
prioritize multitask,soft skills,,,
privacy,security,,"dou, coursera skill",
privacy experience,security,,,
proactive,soft skills,,,
probability density function,math,statistics,coursera skill,
probability distribution,math,statistics,coursera skill,
probability theory,math,statistics,"dou, coursera skill",
problems solve,soft skills,problem solving,,
processes data,data science,data preprocessing,,
product automating,se,,,
product management,management,,,
product vision,management,,,
product work,soft skills,,,
products expertise,management,,,
profiling,se,,,
profiling traces,se,,,
prognostics,data science,,coursera skill,
programming experience,se,,,
programming languages,se,,,
programming proficiency,se,,,
programming python,se,,,
programming scripting,se,,,
programming skilled,se,,,
programming think,se,,,
project architectural,se,architecting,,
project experience,management,,,
project management,management,,"dou, coursera skill",
project outsourcing,,,,
project prototyping,se,,,
prolog,se,,,
prometheus,se,,,
protein,domain,,coursera skill,
protobuf,se,,,
provisioning,,,,
psychology,domain,,coursera skill,
public cloud,se,,,
public health,domain,,coursera skill,
puppet,se,,,
pyspark,big data,,,
python,se,,,
python 3.x,se,python,,
python libraries,se,python,coursera skill,
python programming,se,python,coursera skill,
python syntax and semantics,se,python,coursera skill,
pytorch,deep learning,,,
q-learning,rl,,coursera skill,
qa,qa,,,
qgis,se,,coursera skill,
qt,se,,,
qualitative research,,,coursera skill,
quality assessments,qa,qa,,
quality check,qa,qa,,
quality control,qa,qa,coursera skill,
quality optimising,qa,qa,,
quality testable,qa,qa,,
quantitative,data science,,,
quantization,data science,,,
quantum computing,,,coursera skill,
query,se,,,remove
query optimization,,query,coursera skill,
quickbooks,,,coursera skill,remove
quickly learn,soft skills,,,
quickly prototyping,se,,,
r,data analytics,R,,
r programming,data analytics,R,coursera skill,
rabbit,se,rabbitmq,,
rabbitmq,se,,,
radiology,domain,,coursera skill,
railsware,se,,,
random effects model,data science,,coursera skill,
random forest,data science,,coursera skill,
random variable,math,statistics,coursera skill,
randomness,math,,coursera skill,
rank (linear algebra),math,ranking,coursera skill,
rank n types,math,ranking,,
ranking,math,,,
rdbms,databases,,,
rds,se,,,
react,se,,,
react native,se,react,,
reactjs,se,,,
recommended engine,data science,,,
recommender systems,data science,,coursera skill,
recovery security,security,,,
recruitment,management,,coursera skill,
rectifier (neural networks),,,coursera skill,
recurrent neural network,deep learning,,coursera skill,
recursively enumerable set,,,coursera skill,
redhat,se,,,
redis,se,,,
redshift,se,,,
redux,se,,,
refactoring experience,se,,,
reflex,se,,,
regression,data analytics,,,
regression analysis,data analytics,regression,coursera skill,
regression modeling,data analytics,regression,coursera skill,
regular expression,se,,coursera skill,
reinforcement,rl,reinforcement learning,coursera skill,
reinforcement learning,rl,,coursera skill,
relation databases,databases,relational database,,
relational algebra,math,,coursera skill,
relational database,databases,,,
relational database,databases,,coursera skill,
relational model,databases,,coursera skill,
remote sensing,,,coursera skill,
report analyst,data analytics,reporting,,
report dashboards,management,reporting,,
report experience,management,reporting,,
report formulas,management,reporting,,
representational state transfer,,,coursera skill,
research methods,data science,,coursera skill,
resource planning,management,,coursera skill,
responsibility,soft skills,,,
rest,se,,,
restful architecture,se,rest,,
restore,security,,,
restore recovery,security,restore,,
restructuring,,,coursera skill,
retain,,,coursera skill,
rexcel,,excel,coursera skill,
ridge regression,math,statistics,coursera skill,
risk,management,risk management,coursera skill,
risk management,management,,coursera skill,
robotics,se,,,
robotics knowledge,se,robotics,,
rowing,,,coursera skill,
rstudio,data science,R,coursera skill,
ruby,se,,,
ruby on rails,se,ruby,,
rule-based system,,,coursera skill,
s3,cloud,aws,,
saas,se,,,
safety,security,,,
safety hazards,security,,,
sales,domain,,coursera skill,
salesforce,cloud,,,
sample size determination,math,statistics,coursera skill,
sampling statistics,math,statistics,coursera skill,
sap erp,,,coursera skill,
sap netweaver,,,coursera skill,
sas (software),data science,sas,coursera skill,
sas language,data science,sas,coursera skill,
satellite,domain,,coursera skill,
saving,,,coursera skill,
scala,se,,,
scalability,se,scaling,,
scale,se,scaling,,
scaled agile framework,management,aglie,coursera skill,
scaling,se,,coursera skill,
scatter plot,,,coursera skill,remove
scheduling,se,,,
schema designed,se,,,
scientific method,,,coursera skill,remove
scikit,data science,scikitlearn,,
scikit learn,data science,scikitlearn,,
scikit-learn,data science,scikitlearn,coursera skill,
scikitlearn,data science,,,
scipy,data science,,,
scraping,se,,,
scripting,se,,,
scrum,management,,,
sdlc,,,,
seaborn,data science,,,
search engine optimization,domain,,coursera skill,
seasonality,data science,,coursera skill,
security,security,,,
security knowledge,security,security,,
security monitoring,security,security,,
select (sql),,,coursera skill,remove
selection bias,,,coursera skill,
self confident,soft skills,,,
self initiative,soft skills,,,
self motivator,soft skills,,,
self supportable,soft skills,,,
semantics,,,coursera skill,
sensitivity analysis,data analytics,,coursera skill,
sentiment analysis,data science,,coursera skill,
seo,domain,,,
series a round,,,coursera skill,remove
server,se,,,
server dr,se,server,,
server integration,se,server,,
server report,se,server,,
services,se,,,remove
sharepoint,visualization,,,
shell,se,,,
sigma-algebra,math ,,coursera skill,
signal processing,domain,,coursera skill,
similarity measure,data science,,coursera skill,remove
simple linear regression,math,statistics,coursera skill,
simulation,,,coursera skill,remove
six sigma,math,statistics,coursera skill,
sklearn,data science,,,
smart sql,databases,,,
social analytics,domain,,,
social media,domain,,coursera skill,
social media analytics,domain,,coursera skill,
social media marketing,domain,social media,coursera skill,
social network,domain,,coursera skill,
social network analysis,domain,social network,coursera skill,
software,se,,coursera skill,
software design,se,,,
software designed,se,,,
software developing,se,,,
software engineering,se,,coursera skill,
software testing,qa,,coursera skill,
solid,se,,,
solid fundamentals,se,solid,,
solr,,,,
solver,,,coursera skill,remove
sorting,,,coursera skill,remove
source lines of code,,,coursera skill,remove
spacy,data science,spacy stanfordnlp,,
spacy stanfordnlp,data science,spacy stanfordnlp,,
spark,se,,,
sparkapi,big data,,,
sparql,se,,,
spatial analysis,data science,,coursera skill,
spatial data analysis,data science,spatial analysis,coursera skill,
spatial databases,databases,,coursera skill,
spatialite,,,coursera skill,
species,,,coursera skill,remove
specification able,,,,
speech recognition,domain,,coursera skill,
speed query,,,,
spreadsheet,data analysis,excel,coursera skill,
spreadsheet software,data analysis,excel,coursera skill,
spring boot,se,,,
springboot,se,,,
spss,data analysis,,coursera skill,
spss modeler,data analysis,spss,coursera skill,
sql,databases,,,
sql server,databases,sql,,
sql server management studio,databases,sql,coursera skill,
sqlite,databases,,coursera skill,
sqoop,,,,
sqs,,,,
square (algebra),math,,coursera skill,
ssas,se,,,
ssis,se,,,
sso,,,,
ssrs,se,,,
stack (abstract data type),,,coursera skill,remove
standard deviation,math,statistics,coursera skill,
standard score,,,coursera skill,remove
stanfordnlp,data science,spacy stanfordnlp,,
stata,data analysis,,coursera skill,
statistical analysis,math,statistics,,
statistical classification,math,statistics,coursera skill,
statistical dispersion,math,statistics,coursera skill,
statistical graphics,math,statistics,coursera skill,
statistical hypothesis testing,math,statistics,coursera skill,
statistical inference,math,statistics,coursera skill,
statistical methods,math,statistics,coursera skill,
statistical models,math,statistics,coursera skill,
statistical power,math,statistics,coursera skill,
statistical process control,math,statistics,coursera skill,
statistical significance,math,statistics,coursera skill,
statistical tests,math,statistics,coursera skill,
statistics,math,statistics,,
statistics programming,math,statistics,,
statsmodels,math,statistics,coursera skill,
stochastic,data analytics,,coursera skill,remove
stochastic gradient descent,data science,gradient descent,coursera skill,
stock,domain,trading,coursera skill,
storage,se,,,
stored procedure,,storage,coursera skill,remove
storm,,,,
storytelling,soft skills,,coursera skill,
strategy,,,coursera skill,remove
streams,,,coursera skill,remove
structural equation models,,,coursera skill,remove
student's t-distribution,math,statistics,coursera skill,
student's t-test,math,statistics,coursera skill,
studentized residual,math,statistics,coursera skill,
substring,,,coursera skill,remove
summary statistics,math,statistics,coursera skill,
superimposition,,,coursera skill,
supervised learning,data science,,,
supervision,soft skills,,coursera skill,
supply chain,domain,,coursera skill,
supply chain analytics,domain,supply chain,coursera skill,
supply chain management,domain,supply chain,coursera skill,
support vector machine,data science,,coursera skill,
survey data collection,data science,surveying,coursera skill,
survey design,data science,surveying,coursera skill,
surveying,data science,,coursera skill,
survival analysis,,,coursera skill,remove
svm,data science,,,
symbol table,,,coursera skill,remove
symfony,,,,
syntax,,,coursera skill,remove
sysadmin,se,,,
system architect,,systems architect,coursera skill,
system of linear equations,math,,coursera skill,
system u,,,coursera skill,remove
systems architect,,,coursera skill,
systems architecture,,systems architect,coursera skill,
systems engineering,,,coursera skill,
t-distributed stochastic neighbor embedding,math,statistics,coursera skill,
table (database),,,coursera skill,remove
tableau,visualization,,,
tableau software,data science,tableau,coursera skill,
team building,soft skills,,coursera skill,
team work,soft skills,collaborating,,
teams lead,management,teams lead,,
teams leader,management,teams lead,,
teams management,management,teams lead,,
teams player,soft skills,collaborating,,
tech lead,management,,,
technical analysis,domain,,coursera skill,
temporal difference learning,rl,,coursera skill,
tensorflow,deep learning,,,
term (time),,,coursera skill,remove
ternary conditional operator,,,coursera skill,remove
terraform,se,,,
test set,,,coursera skill,remove
test statistic,math,statistics,coursera skill,
testing,qa,,,
tests,qa,testing,,
text corpus,nlp,,coursera skill,
text mining,nlp,nlp,coursera skill,
text mode,,,coursera skill,remove
tf idf,,,coursera skill,remove
theano,data science,,,
think ability,soft skills,,,
think analytics,soft skills,,,
think communications,soft skills,communications,,
thras,cloud,aws,,
thras io,cloud,aws,,
time series,data analytics,,coursera skill,
time series analysis,data analytics,time series,coursera skill,
time series forecasting,data analytics,time series,coursera skill,
time series models,data analytics,time series,coursera skill,
topic model,,,coursera skill,remove
topology,,,coursera skill,remove
tpot,,,,
tracking,,,coursera skill,remove
trading,domain,trading,coursera skill,
trading strategy,domain,trading,coursera skill,
training,,,coursera skill,remvoe
transact-sql,,,coursera skill,remove
translation,,,coursera skill,remove
transpose,,,coursera skill,remove
trigonometric integral,math,,coursera skill,
type i and type ii errors,math,statistics,coursera skill,
typescript,se,,,
ubuntu,se,,,
unified parallel c,,,coursera skill,remove
unique key,,,coursera skill,remove
unit testing,se,tests,coursera skill,
univariate,,,coursera skill,remove
univariate analysis,,univariate,coursera skill,
unix,se,,,
unix shells,,unix,coursera skill,
unsupervised learning,,,coursera skill,
upload,,,coursera skill,remove
urban planning,,,coursera skill,remove
use case,,,coursera skill,remove
user experience,,,,
user interface,se,,,
user requirements document,,,coursera skill,remove
utility,,,coursera skill,remove
ux,product,user experience,,
validation set,,,coursera skill,remove
validator,,validation,coursera skill,remove
valuation of options,,validation,coursera skill,remove
value at risk,,validation,coursera skill,remove
variance,,,coursera skill,remove
variational bayesian methods,,,coursera skill,remove
vcs,se,,,
vcs git,se,,,
vector spaces,,,coursera skill,remvoe
verbal communications,soft skills,,,
verification and validation,,,coursera skill,remove
version control,se,vcs,,
version management,se,vcs,,
visual analytics,visualization,visualize,coursera skill,
visual communication,visualization,visualize,coursera skill,
visualization (computer graphics),visualization,visualize,coursera skill,
visualization library,visualization,visualize,coursera skill,
visualization software,visualization,visualize,coursera skill,
visualize,visualization,visualize,,
visualize tool,visualization,visualize,,
viz,visualization,visualize,,
viz tool,visualization,visualize,,
wavelets,,algorithms,coursera skill,remove
web,se,web services,,
web analytics,data science,,,
web app,se,web services,,
web application,se,web services,coursera skill,
web applications,se,web services,,
web browsers,se,web services,coursera skill,
web desktops,se,web services,coursera skill,
web development,se,web services,coursera skill,
web mobile,se,web services,,
web page,se,web services,coursera skill,
web scraping,se,scrapping,coursera skill,
web service,se,web services,coursera skill,
web services,se,web services,,
weighs quantization,data science,,,
weighting,,,coursera skill,remove
weka,data science,,,
weka numpy,data science,weka,,
willingness learn,soft skills,,,
window function,,,coursera skill,remove
windows,se,,,
word embedding,nlp,,coursera skill,
word2vec,nlp,,coursera skill,
worksheet,,,coursera skill,remove
workspace,,,coursera skill,remove
world file,,,coursera skill,remove
writing,soft skills,,coursera skill,
writing communications,soft skills,communications,,
xunit,se,,,
yagni,,,,
yarn,,,,
yottabyte,,,coursera skill,
Zeplin,product,,,
VSCode,se,,,
Tensowflow,data science,,,
Spyder IDE,se,,,
Shiny,data science,,,
Rapid Miner,data science,,,
Qlik,data science,,,
PowerBI,data science,,,
intelliJ IDEA,se,,,
Eclipse,se,,,
Atom,se,,,
H2O,se,,,